Method,CRPS
constant,0.014067366583010135
MLP,0.12335598559622417
ResNet,0.02942835077486423
FTTrans,
distributional_boosted_trees,0.01305059488569191
drf,0.011817087669080796
boosted_trees,0.01263916646502481
rf,0.012781335778794962
linear_regression,0.016516016061945287
engression,0.012501583569299493
GAM,
GP,
