Method,CRPS
constant,0.0034030266933659
MLP,0.002372452823373
ResNet,0.0023536976976585
FTTrans,0.0026827305331509
distributional_boosted_trees,0.0018804861583492
drf,0.0016099888363692
boosted_trees,0.001259749586199
rf,0.0015268013496284
linear_regression,0.0014954853333227
engression,0.0010750681514518
GAM,0.0012909008957562
GP,-20630534630.90572
