Method,RMSE
constant,0.8981575417339484
MLP,0.3252009749412536
ResNet,0.7908562421798706
FTTrans,0.3183996975421905
boosted_trees,0.3070551169980983
rf,0.3887924469446687
linear_regression,0.5161168781800124
engression,0.3338620960712433
GAM,0.2806370201862051
GP,0.4171473056579032
