Method,RMSE
constant,35.58399204113183
MLP,13.476276397705078
ResNet,44.70048141479492
FTTrans,3.71700930595398
boosted_trees,10.40761760887028
rf,24.401015965247645
linear_regression,46.8037785661622
engression,12.035101890563965
GAM,40.72530427744131
