Method,RMSE
constant,0.10662699446053239
MLP,0.0680553540587425
ResNet,0.0651364177465438
FTTrans,0.0567862577736377
boosted_trees,0.0694588219250049
rf,0.069332076385439
linear_regression,0.0900057185390089
engression,0.0616240799427032
GAM,0.1073075367359093
