Method,RMSE
constant,0.0005432273803637474
MLP,0.0002468181482981
ResNet,0.0003197218757122
FTTrans,0.0006233049789443
boosted_trees,0.0002140826266621
rf,0.0002427493360353
linear_regression,0.0002303512553272
engression,0.0002089783520204
GAM,0.0005437690810605
