Method,RMSE
constant,0.6840328148391351
MLP,0.4028172492980957
ResNet,0.4673773646354675
FTTrans,0.428191602230072
boosted_trees,0.3338061531578193
rf,0.3329821666797828
linear_regression,0.5469369438722802
engression,0.3882408738136291
GAM,0.4226005148489389
