Method,RMSE
constant,1.365334354939323
MLP,1.332620620727539
ResNet,1.300649642944336
FTTrans,1.228698968887329
boosted_trees,1.162152441378684
rf,1.204325810500471
linear_regression,1.6747351423061174
engression,1.3018211126327517
GAM,9.151805927979884
