Method,RMSE
constant,0.011078289596230506
MLP,0.0030800043605268
ResNet,0.0075818542391061
FTTrans,0.0031383717432618
boosted_trees,0.0045881791719106
rf,0.005899981227985
linear_regression,0.0046500982199802
engression,0.0028138959314674
GAM,0.0110231570559533
