Method,RMSE
constant,4.31015806835759
MLP,6.219983100891113
ResNet,3.5556840896606445
FTTrans,2.948464155197144
boosted_trees,3.003076846584622
rf,2.925544121785926
linear_regression,3.5244485765504767
engression,3.910624027252197
GAM,3.417670468632886
