Method,RMSE
constant,0.028405186840656318
MLP,0.0288319531828165
ResNet,0.0310996733605861
FTTrans,0.0284511130303144
boosted_trees,0.0280131353417873
rf,0.0280636135977457
linear_regression,0.0297050230836008
engression,0.0291979070752859
GAM,0.0302057290312839
