Method,RMSE
constant,0.6223007865365129
MLP,0.3653935492038727
ResNet,0.438614010810852
FTTrans,0.3452141582965851
boosted_trees,0.3085983535680126
rf,0.3106114526953865
linear_regression,0.4902522083882163
engression,0.4098539054393768
GAM,0.3896271105010372
