Method,RMSE
constant,1.058160127088377
MLP,0.9679319262504578
ResNet,1.0198874473571775
FTTrans,1.1160866022109983
boosted_trees,0.8684538440181998
rf,0.9027819349830416
linear_regression,1.353119951573312
engression,0.9654617309570312
GAM,1.084045962667053
GP,0.9894900138422588
