Method,RMSE
constant,1.215876808603894
MLP,0.3332677781581878
ResNet,1.0186271667480469
FTTrans,0.2647218108177185
boosted_trees,0.2560830894754298
rf,0.2605630872149625
linear_regression,0.7494299419813111
engression,0.2748734652996063
GAM,0.2941108699387459
