Method,RMSE
constant,35.404773281088154
MLP,15.736124992370604
ResNet,25.353084564208984
FTTrans,5.578992366790772
boosted_trees,5.986673348101104
rf,7.284712353194071
linear_regression,109.20732625198718
engression,9.604938507080078
GAM,34.35732588569878
