Method,RMSE
constant,34.91214039102781
MLP,35.93513107299805
ResNet,28.29014205932617
FTTrans,29.824892044067383
boosted_trees,44.25410731403283
rf,46.77694506046809
linear_regression,58.63139873716522
engression,56.4979248046875
GAM,44.968611738723375
