Method,RMSE
constant,0.07007483787230163
MLP,0.0412400364875793
ResNet,0.1707450598478317
FTTrans,0.050326645374298
boosted_trees,0.0572836675580583
rf,0.0380403140380892
linear_regression,0.0670125811107813
engression,0.0469745323061943
GAM,0.0711849717586897
