Method,RMSE
constant,0.902284333854273
MLP,0.4037585854530334
ResNet,0.69826340675354
FTTrans,0.3080605268478393
boosted_trees,0.2641633309660168
rf,0.4012096259770037
linear_regression,0.518548976177627
engression,0.3283020555973053
GAM,0.2825481117692715
GP,0.36270158547378284
