Method,RMSE
constant,0.10537295978928758
MLP,0.061046190559864
ResNet,0.0818379521369934
FTTrans,0.0660510957241058
boosted_trees,0.0670729803459225
rf,0.0683871989516936
linear_regression,0.0892841960326569
engression,0.0633689165115356
GAM,0.1061213390099802
