Method,RMSE
constant,0.902284333854273
MLP,0.4037585854530334
ResNet,0.69826340675354
FTTrans,0.3080605268478393
boosted_trees,0.2620293666793468
rf,0.3901112993082196
linear_regression,0.5185489761932636
engression,0.3283020555973053
GAM,0.8778325507943925
