Method,RMSE
constant,0.0005442066349928562
MLP,0.0002452542248647
ResNet,0.0002659117744769
FTTrans,0.00058042362798
boosted_trees,0.0002127421060357
rf,0.0002433925341469
linear_regression,0.0002300974264216
engression,0.0002106843312503
GAM,0.0005447781452424
