Method,RMSE
constant,35.542529432134494
MLP,13.14001178741455
ResNet,19.8477783203125
FTTrans,12.33948040008545
boosted_trees,13.97295129484404
rf,11.53336351001509
linear_regression,25.00873454780059
engression,11.946428298950195
GAM,32.365001037663646
