Method,RMSE
constant,0.011184899603929334
MLP,0.0028651896864175
ResNet,0.0081748599186539
FTTrans,0.004047442227602
boosted_trees,0.0043754245112911
rf,0.005996045050718
linear_regression,0.0046952786994534
engression,0.0027364678680896
GAM,0.0111325618572071
