Method,RMSE
constant,0.02841251042585441
MLP,0.0287691596895456
ResNet,0.0298471488058567
FTTrans,0.031393364071846
boosted_trees,0.0281757585107675
rf,0.0280603374043851
linear_regression,0.0296990996580419
engression,0.0315345525741577
GAM,0.0301762930703192
