Method,CRPS
constant,21.028183092206834
MLP,14.739714192211393
ResNet,12.408918896953518
FTTrans,13.05580628664699
distributional_boosted_trees,2.262237221812323
drf,0.8470210708605442
boosted_trees,1.9440785916301204
rf,2.5328330182989625
linear_regression,26.197307719720552
engression,0.4707781258716583
GAM,20.394902456967653
GP,54.41958274113356
