Method,CRPS
constant,0.0002932510233435947
MLP,0.00015005096204624675
ResNet,0.00018573999952110494
FTTrans,0.0002925908770720507
distributional_boosted_trees,0.00012989872458286624
drf,0.00013158245583382732
boosted_trees,0.00011576833831644008
rf,0.00013209723734440955
linear_regression,0.00012506902549557248
engression,0.00012229521332985809
GAM,0.0002928686499998644
