Method,CRPS
constant,0.005686574464442255
MLP,0.001992801875909733
ResNet,0.00356109757673617
FTTrans,0.00211102483764096
distributional_boosted_trees,0.002349980065428233
drf,0.003057977231312549
boosted_trees,0.002284940898617182
rf,0.003135837884559765
linear_regression,0.002414725406062068
engression,0.0014184219428131871
GAM,0.005619029149415616
