Method,CRPS
constant,9.077336664353243
MLP,10.914121329930408
ResNet,7.399873899230308
FTTrans,
distributional_boosted_trees,6.181411108534851
drf,4.27146799066772
boosted_trees,4.805563242190525
rf,5.776434781158281
linear_regression,18966.19642660868
engression,6.983310574878411
GAM,
GP,
