Method,CRPS
constant,316.46324508908765
MLP,263.11173649673543
ResNet,295.47487168942695
FTTrans,259.90689456303863
distributional_boosted_trees,304.8689328739382
drf,244.54437290915573
boosted_trees,264.62379665402585
rf,264.58273856397824
linear_regression,277.05603915135566
engression,265.8051887335087
GAM,264.6461152320226
GP,
