Method,RMSE
constant,1.1557334599048397
MLP,0.2423324286937713
ResNet,0.61577969789505
FTTrans,0.2399694323539734
boosted_trees,0.2388937709293672
rf,0.2394133439134517
linear_regression,0.4075853648573016
engression,0.2419629991054535
GAM,0.252729594207263
