Method,RMSE
constant,0.00040836080961136105
MLP,0.0001680567802395
ResNet,0.0001715137041173
FTTrans,0.0004083767998963
boosted_trees,0.0001614124954797
rf,0.0001703905412027
linear_regression,0.0001766410080534
engression,0.0001641095150262
GAM,0.000405798644893
