Method,RMSE
constant,0.9549357473169142
MLP,0.3200000524520874
ResNet,1.2364131212234497
FTTrans,0.1842488497495651
boosted_trees,0.1531497586981994
rf,0.1685932148955219
linear_regression,0.9428468512037256
engression,0.1317741423845291
GAM,0.7053461214264475
