Method,RMSE
constant,0.006377284455469839
MLP,0.0020478081423789
ResNet,0.0023192644584923
FTTrans,0.0023879597429186
boosted_trees,0.0022720503077248
rf,0.0029349464553769
linear_regression,0.0028525018633092
engression,0.0021089767105877
GAM,0.0063161004771285
