Method,RMSE
constant,0.8719602816233308
MLP,0.7198734879493713
ResNet,0.8385014533996582
FTTrans,0.7487402558326721
boosted_trees,0.7468465019974284
rf,0.7351415853673343
linear_regression,0.7571570543695345
engression,0.724424421787262
GAM,0.9000764803401248
