Method,RMSE
constant,38.81632758516223
MLP,15.739890098571776
ResNet,33.30243682861328
FTTrans,15.942136764526367
boosted_trees,13.664064030834776
rf,14.651543156525028
linear_regression,22.00850339366186
engression,20.72878074645996
GAM,34.80050958374914
