Method,RMSE
constant,59.37359729337238
MLP,5.403232097625732
ResNet,51.07247924804688
FTTrans,3.0290026664733887
boosted_trees,6.749688240177169
rf,8.709422746714392
linear_regression,41.48156333158234
engression,5.2315778732299805
GAM,49.7567186419293
