Method,RMSE
constant,0.06435919806175756
MLP,0.0386780425906181
ResNet,0.0342071689665317
FTTrans,0.0319007448852062
boosted_trees,0.0288168838997065
rf,0.0275898575707386
linear_regression,0.0513406233893089
engression,0.0820890292525291
GAM,0.075633707539564
