Method,RMSE
constant,0.02550851971260793
MLP,0.0597810596227645
ResNet,0.0261970907449722
FTTrans,0.0250758603215217
boosted_trees,0.0246513372326655
rf,0.0244696670471744
linear_regression,0.0272204432313673
engression,0.0285005662590265
GAM,0.0255027509262127
