Method,CRPS
constant,150.144522708144
MLP,4.457675899871179
ResNet,14.537144864257876
FTTrans,4.349676183616144
distributional_boosted_trees,11.547310581604705
drf,13.140674295501945
boosted_trees,2.710487686967817
rf,3.3346789982425644
linear_regression,19.225005796313788
engression,15.40461437573459
GAM,19.726506900494424
