Method,CRPS
constant,0.0002939153589375524
MLP,0.00014985843645510966
ResNet,0.00016424276039404544
FTTrans,0.00029356852341304106
distributional_boosted_trees,0.00013060729086626017
drf,0.00013202116600853346
boosted_trees,0.0001182167075632593
rf,0.0001314210076928556
linear_regression,0.00012488301221899912
engression,0.00011865561149626192
GAM,0.0002934725114440742
