Method,CRPS
constant,21.32436793352652
MLP,14.485195869749544
ResNet,15.207393033603031
FTTrans,15.885346760496024
distributional_boosted_trees,3.651977310208022
drf,2.6286401373540853
boosted_trees,3.4039147600315154
rf,4.136632092947866
linear_regression,19.429928398728983
engression,0.8372725996064024
GAM,19.95955768911673
GP,57.48067101248903
