Method,CRPS
constant,0.0002210418220067199
MLP,0.0001468518113305028
ResNet,0.00014395550394013902
FTTrans,0.0002587978244789676
distributional_boosted_trees,0.00011842212518706755
drf,8.834243746017093e-05
boosted_trees,8.31551810680397e-05
rf,8.688514590815766e-05
linear_regression,9.517558476182153e-05
engression,8.194821420699811e-05
GAM,9.26767204302857e-05
