Method,CRPS
constant,0.00030927684179393966
MLP,0.00014843331375993896
ResNet,0.00019400877409109376
FTTrans,0.00030974837244400824
distributional_boosted_trees,0.00012981779070830545
drf,0.00013610002260576852
boosted_trees,0.00011981903366399093
rf,0.00013111895527960778
linear_regression,0.00012436968531675797
engression,0.00022808836498247931
GAM,0.00031092165717849855
