Method,CRPS
constant,159.0918749379082
MLP,7.303339813384936
ResNet,14.109261768524188
FTTrans,4.653058768771633
distributional_boosted_trees,10.404990826878215
drf,11.77702556109965
boosted_trees,3.3589187203886177
rf,4.341843179354291
linear_regression,26.87006292857713
engression,26.537911566022764
GAM,18.037250995619136
