Method,CRPS
constant,0.015298947675736254
MLP,0.015289509350497514
ResNet,0.015053246855244536
FTTrans,
distributional_boosted_trees,0.014672130095110727
drf,0.013927800522725608
boosted_trees,0.014628143675581847
rf,0.014396126408109526
linear_regression,0.015234536877109737
engression,0.014091757143903748
GAM,
GP,
