Method,CRPS
constant,1.7757490258380813
MLP,1.705743098012118
ResNet,1.7110104955237997
FTTrans,1.6972245258488874
distributional_boosted_trees,1.6616626615793764
drf,1.5680396503022602
boosted_trees,1.6974574396147517
rf,1.7002551224814713
linear_regression,1.7208009088440792
engression,1.588776838197439
GAM,
GP,
